-- =====================================================
-- SCHEMA SAMPLE INSERTION BELOW
-- =====================================================

-- =====================================================
-- USERS
-- =====================================================

-- password_hash: bcrypt for plaintext admin123 (regenerate: npm run hash-password -- admin123)
INSERT INTO users (user_id, username, email, password_hash, role) VALUES
(1,'adminXYZ','XYZ@familis.com','$2b$10$N8QL6lPJKkVZLqfO0aubDONoidtiq0FMVUQ7SdIXkufSJfuav7nKO','admin');

-- =====================================================
-- PARTICIPANTS
-- =====================================================

INSERT INTO participants (participant_id, tester_label, age, gender) VALUES
(1,'P1',19,'male'),
(2,'P2',21,'male'),
(3,'P3',21,'male'),
(4,'P4',22,'male'),
(5,'P5',20,'male'),
(6,'P6',21,'male'),
(7,'P7',20,'male'),
(8,'P8',19,'male'),
(9,'P9',19,'female'),
(10,'P10',18,'female'),
(11,'P11',19,'male'),
(12,'P12',21,'male'),
(13,'P13',20,'male'),
(14,'P14',20,'male'),
(15,'P15',19,'male'),
(16,'P16',21,'male'),
(17,'P17',20,'male'),
(18,'P18',22,'male'),
(19,'P19',21,'male'),
(20,'P20',23,'male'),
(21,'PT',22,'male');

-- =====================================================
-- FOOD PRODUCTS
-- =====================================================

INSERT INTO food_products (food_id, name, category, image_url)
VALUES
(1,'Flavored Dip', 'condiment', NULL);

-- =====================================================
-- SESSIONS
-- =====================================================    

INSERT INTO sessions (user_id, participant_id, food_id, start_time, end_time, status)
VALUES
(1,1,1,'2026-03-16 22:33:00','2026-03-16 22:35:00','completed'),
(1,2,1,'2026-03-16 22:43:00','2026-03-16 22:45:00','completed'),
(1,3,1,'2026-03-16 22:45:00','2026-03-16 22:47:00','completed'),
(1,4,1,'2026-03-16 22:46:00','2026-03-16 22:48:00','completed'),
(1,5,1,'2026-03-16 22:47:00','2026-03-16 22:49:00','completed'),
(1,6,1,'2026-03-16 22:47:00','2026-03-16 22:49:00','completed'),
(1,7,1,'2026-03-16 22:48:00','2026-03-16 22:50:00','completed'),
(1,8,1,'2026-03-16 22:49:00','2026-03-16 22:51:00','completed'),
(1,9,1,'2026-03-16 22:49:00','2026-03-16 22:51:00','completed'),
(1,10,1,'2026-03-16 22:36:00','2026-03-16 22:38:00','completed'),
(1,11,1,'2026-03-16 22:37:00','2026-03-16 22:39:00','completed'),
(1,12,1,'2026-03-16 22:37:00','2026-03-16 22:39:00','completed'),
(1,13,1,'2026-03-16 22:37:00','2026-03-16 22:39:00','completed'),
(1,14,1,'2026-03-16 22:38:00','2026-03-16 22:40:00','completed'),
(1,15,1,'2026-03-16 22:38:00','2026-03-16 22:40:00','completed'),
(1,16,1,'2026-03-16 22:39:00','2026-03-16 22:41:00','completed'),
(1,17,1,'2026-03-16 22:40:00','2026-03-16 22:42:00','completed'),
(1,18,1,'2026-03-16 22:41:00','2026-03-16 22:43:00','completed'),
(1,19,1,'2026-03-16 22:41:00','2026-03-16 22:43:00','completed'),
(1,20,1,'2026-03-16 22:44:00','2026-03-16 22:46:00','completed'),
(1,21,1,'2026-03-16 22:33:00','2026-03-16 22:35:00','completed');

-- =====================================================
-- FRAME LOGS
-- =====================================================

INSERT INTO frame_logs (session_id, timestamp, face_detected, confidence_score, hedonic_score)
VALUES

-- P1 (session 1)
(1,'2026-03-16 22:33:01',TRUE,0.76,0.75),
(1,'2026-03-16 22:33:07',TRUE,0.76,0.625),
(1,'2026-03-16 22:33:09',TRUE,0.82,1.0),
(1,'2026-03-16 22:33:14',TRUE,0.78,0.625),
(1,'2026-03-16 22:34:31',TRUE,0.81,1.0),
(1,'2026-03-16 22:35:19',TRUE,0.79,0.75),
(1,'2026-03-16 22:35:21',TRUE,0.82,1.0),
(1,'2026-03-16 22:35:43',TRUE,0.77,0.625),
(1,'2026-03-16 22:35:46',TRUE,0.78,0.5),
(1,'2026-03-16 22:35:49',TRUE,0.82,1.0),
(1,'2026-03-16 22:36:01',TRUE,0.75,0.25),
(1,'2026-03-16 22:36:04',TRUE,0.82,1.0),
(1,'2026-03-16 22:36:09',TRUE,0.78,0.625),
(1,'2026-03-16 22:36:12',TRUE,0.82,1.0),
(1,'2026-03-16 22:36:41',TRUE,0.80,0.625),
(1,'2026-03-16 22:36:47',TRUE,0.77,0.75),
(1,'2026-03-16 22:36:49',TRUE,0.78,0.625),

-- P2 (session 2)
(2,'2026-03-16 22:43:03',TRUE,0.82,1.0),
(2,'2026-03-16 22:43:15',TRUE,0.78,0.625),
(2,'2026-03-16 22:43:22',TRUE,0.77,0.5),
(2,'2026-03-16 22:43:26',TRUE,0.79,0.125),
(2,'2026-03-16 22:43:28',TRUE,0.82,1.0),

-- P3 (session 3)
(3,'2026-03-16 22:45:02',TRUE,0.82,1.0),
(3,'2026-03-16 22:45:41',TRUE,0.77,0.875),
(3,'2026-03-16 22:45:44',TRUE,0.78,0.25),
(3,'2026-03-16 22:45:49',TRUE,0.82,1.0),
(3,'2026-03-16 22:46:04',TRUE,0.77,0.125),
(3,'2026-03-16 22:46:06',TRUE,0.82,1.0),

-- P4 (session 4)
(4,'2026-03-16 22:46:09',TRUE,0.79,0.0),
(4,'2026-03-16 22:46:20',TRUE,0.82,1.0),
(4,'2026-03-16 22:46:41',TRUE,0.76,0.25),
(4,'2026-03-16 22:46:43',TRUE,0.80,0.125),
(4,'2026-03-16 22:46:47',TRUE,0.79,0.25),
(4,'2026-03-16 22:46:52',TRUE,0.76,0.5),
(4,'2026-03-16 22:47:03',TRUE,0.77,0.625),

-- P5 (session 5)
(5,'2026-03-16 22:47:02',TRUE,0.82,1.0),
(5,'2026-03-16 22:47:20',TRUE,0.76,0.125),
(5,'2026-03-16 22:47:23',TRUE,0.82,0.0),
(5,'2026-03-16 22:47:25',TRUE,0.78,0.25),
(5,'2026-03-16 22:47:29',TRUE,0.78,1.0),
(5,'2026-03-16 22:47:37',TRUE,0.78,0.875),
(5,'2026-03-16 22:47:39',TRUE,0.82,1.0),

-- P6 (session 6)
(6,'2026-03-16 22:47:01',TRUE,0.82,1.0),

-- P7 (session 7)
(7,'2026-03-16 22:48:01',TRUE,0.82,1.0),
(7,'2026-03-16 22:48:18',TRUE,0.78,0.375),
(7,'2026-03-16 22:48:23',TRUE,0.78,0.125),
(7,'2026-03-16 22:48:32',TRUE,0.82,1.0),

-- P8 (session 8)
(8,'2026-03-16 22:49:01',TRUE,0.82,1.0),
(8,'2026-03-16 22:49:13',TRUE,0.75,0.25),
(8,'2026-03-16 22:49:27',TRUE,0.77,1.0),

-- P9 (session 9)
(9,'2026-03-16 22:49:01',TRUE,0.82,0.0),
(9,'2026-03-16 22:49:04',TRUE,0.77,0.25),
(9,'2026-03-16 22:49:07',TRUE,0.81,0.0),

-- P10 (session 10)
(10,'2026-03-16 22:36:12',TRUE,0.81,0.0),
(10,'2026-03-16 22:36:20',TRUE,0.82,1.0),
(10,'2026-03-16 22:36:25',TRUE,0.81,0.0),
(10,'2026-03-16 22:36:35',TRUE,0.76,0.25),
(10,'2026-03-16 22:36:48',TRUE,0.82,1.0),

-- P11 (session 11)
(11,'2026-03-16 22:37:01',TRUE,0.82,1.0),

-- P12 (session 12)
(12,'2026-03-16 22:37:01',TRUE,0.82,1.0),

-- P13 (session 13)
(13,'2026-03-16 22:37:01',TRUE,0.82,1.0),
(13,'2026-03-16 22:37:16',TRUE,0.77,0.5),
(13,'2026-03-16 22:37:36',TRUE,0.80,0.625),
(13,'2026-03-16 22:37:38',TRUE,0.82,1.0),

-- P14 (session 14)
(14,'2026-03-16 22:38:02',TRUE,0.82,1.0),
(14,'2026-03-16 22:38:21',TRUE,0.77,0.125),
(14,'2026-03-16 22:38:29',TRUE,0.79,0.375),
(14,'2026-03-16 22:38:31',TRUE,0.82,1.0),

-- P15 (session 15)
(15,'2026-03-16 22:38:06',TRUE,0.78,0.0),
(15,'2026-03-16 22:38:16',TRUE,0.79,1.0),
(15,'2026-03-16 22:38:19',TRUE,0.77,0.125),
(15,'2026-03-16 22:38:21',TRUE,0.82,1.0),
(15,'2026-03-16 22:38:24',TRUE,0.77,0.25),
(15,'2026-03-16 22:38:27',TRUE,0.82,1.0),
(15,'2026-03-16 22:38:36',TRUE,0.76,0.0),
(15,'2026-03-16 22:38:40',TRUE,0.75,0.125),
(15,'2026-03-16 22:38:48',TRUE,0.82,0.0),
(15,'2026-03-16 22:38:59',TRUE,0.80,0.125),
(15,'2026-03-16 22:39:01',TRUE,0.79,0.0),
(15,'2026-03-16 22:39:04',TRUE,0.77,0.125),
(15,'2026-03-16 22:39:13',TRUE,0.82,1.0),
(15,'2026-03-16 22:39:26',TRUE,0.79,0.0),
(15,'2026-03-16 22:39:32',TRUE,0.75,0.25),
(15,'2026-03-16 22:39:34',TRUE,0.79,0.125),

-- P16 (session 16)
(16,'2026-03-16 22:39:01',TRUE,0.82,1.0),
(16,'2026-03-16 22:39:10',TRUE,0.79,0.0),
(16,'2026-03-16 22:39:14',TRUE,0.82,1.0),
(16,'2026-03-16 22:39:22',TRUE,0.79,0.0),
(16,'2026-03-16 22:39:24',TRUE,0.82,1.0),

-- P17 (session 17)
(17,'2026-03-16 22:40:01',TRUE,0.82,1.0),
(17,'2026-03-16 22:40:05',TRUE,0.77,0.125),
(17,'2026-03-16 22:40:07',TRUE,0.80,0.0),
(17,'2026-03-16 22:40:09',TRUE,0.82,1.0),
(17,'2026-03-16 22:40:29',TRUE,0.77,0.125),
(17,'2026-03-16 22:40:32',TRUE,0.82,1.0),

-- P18 (session 18)
(18,'2026-03-16 22:41:11',TRUE,0.82,1.0),
(18,'2026-03-16 22:41:50',TRUE,0.77,0.375),
(18,'2026-03-16 22:41:52',TRUE,0.76,0.625),

-- P19 (session 19)
(19,'2026-03-16 22:41:04',TRUE,0.78,0.125),
(19,'2026-03-16 22:41:06',TRUE,0.77,0.625),
(19,'2026-03-16 22:41:10',TRUE,0.76,1.0),
(19,'2026-03-16 22:41:39',TRUE,0.77,0.625),
(19,'2026-03-16 22:41:42',TRUE,0.78,0.5),
(19,'2026-03-16 22:41:44',TRUE,0.81,0.625),
(19,'2026-03-16 22:41:51',TRUE,0.76,0.75),
(19,'2026-03-16 22:41:56',TRUE,0.82,1.0),
(19,'2026-03-16 22:42:02',TRUE,0.80,0.875),
(19,'2026-03-16 22:42:05',TRUE,0.82,1.0),
(19,'2026-03-16 22:42:27',TRUE,0.79,0.5),
(19,'2026-03-16 22:42:31',TRUE,0.82,1.0),

-- P20 (session 20)
(20,'2026-03-16 22:44:05',TRUE,0.82,1.0),
(20,'2026-03-16 22:44:14',TRUE,0.78,0.5),
(20,'2026-03-16 22:44:22',TRUE,0.76,0.25),
(20,'2026-03-16 22:44:25',TRUE,0.82,1.0),
(20,'2026-03-16 22:44:31',TRUE,0.80,0.375),
(20,'2026-03-16 22:44:39',TRUE,0.82,1.0),
(20,'2026-03-16 22:44:54',TRUE,0.80,0.25),
(20,'2026-03-16 22:44:58',TRUE,0.77,0.375),
(20,'2026-03-16 22:45:01',TRUE,0.81,0.25),
(20,'2026-03-16 22:45:03',TRUE,0.78,0.375),

-- Personal Training (session 21)
(21,'2026-03-16 22:33:01',TRUE,0.81,0.25),
(21,'2026-03-16 22:33:03',TRUE,0.79,0.375),
(21,'2026-03-16 22:33:05',TRUE,0.80,0.875),
(21,'2026-03-16 22:33:07',TRUE,0.78,0.25),
(21,'2026-03-16 22:33:09',TRUE,0.78,0.5),
(21,'2026-03-16 22:33:11',TRUE,0.80,1.0),
(21,'2026-03-16 22:33:16',TRUE,0.76,0.5),
(21,'2026-03-16 22:33:19',TRUE,0.79,1.0);

-- =====================================================
-- SURVEY RESULTS
-- =====================================================

INSERT INTO survey_results 
(session_id, color_rating, flavor_aroma_rating, salt_sweet_rating, texture_rating, final_overall_rating, remarks)
VALUES
(1,6,5,2,7,6,'more sour than anything'),
(2,8,6,5,7,7,NULL),
(3,9,7,5,6,7,'Good stuff'),
(4,7,6,9,9,7,NULL),
(5,9,8,8,9,8,NULL),
(6,7,8,7,7,8,NULL),
(7,6,7,7,6,7,NULL),
(8,9,9,9,9,9,'Super cool! I wish there was a summary of the test though'),
(9,7,9,6,8,8,NULL),
(10,7,7,7,7,7,NULL),
(11,5,4,6,5,5,NULL),
(12,8,5,6,7,5,'I think it’s good, i just need some time to appreciate the flavor'),
(13,8,7,7,8,7,NULL),
(14,6,5,6,7,6,'Not too spicy compared to what I anticipate hahaha'),
(15,5,5,3,5,6,'none'),
(16,9,6,7,6,7,NULL),
(17,9,8,9,7,8,NULL),
(18,8,7,6,9,7,NULL),
(19,4,3,2,4,2,'bad'),
(20,7,5,4,4,5,'It has an intense taste when i first tried the dipping sauce which i can say is overpowering in a slightly bad way');